date,HourlyEarnings,CPI,JobOpenings,LaborForceRate,UnemploymentRate
2015-01,24.75,233.707,3.6,62.9,5.7
2015-02,24.8,234.722,3.6,62.7,5.5
2015-03,24.85,236.119,3.6,62.6,5.4
2015-04,24.89,236.599,4.2,62.8,5.4
2015-05,24.97,237.805,3.8,62.9,5.6
2015-06,24.97,238.638,3.5,62.7,5.3
2015-07,25.01,238.654,4.3,62.6,5.2
2015-08,25.09,238.316,3.8,62.6,5.1
2015-09,25.11,237.945,3.8,62.4,5.0
2015-10,25.2,237.838,4.1,62.5,5.0
2015-11,25.25,237.336,3.5,62.5,5.1
2015-12,25.25,236.525,3.4,62.7,5.0
2016-01,25.37,236.916,4.0,62.7,4.8
2016-02,25.38,237.111,3.8,62.8,4.9
2016-03,25.45,238.132,4.1,63.0,5.0
2016-04,25.53,239.261,4.2,62.9,5.1
2016-05,25.58,240.229,3.8,62.7,4.8
2016-06,25.62,241.018,3.7,62.7,4.9
2016-07,25.69,240.628,4.3,62.8,4.8
2016-08,25.71,240.849,3.9,62.9,4.9
2016-09,25.77,241.428,3.9,62.9,5.0
2016-10,25.9,241.729,3.9,62.8,4.9
2016-11,25.9,241.353,3.6,62.7,4.7
2016-12,25.93,241.432,3.5,62.7,4.7
2017-01,26.0,242.839,3.7,62.8,4.7
2017-02,26.07,243.603,3.8,62.9,4.6
2017-03,26.11,243.801,3.8,62.9,4.4
2017-04,26.17,244.524,4.4,63.0,4.4
2017-05,26.21,244.733,3.8,62.8,4.4
2017-06,26.26,244.955,4.0,62.8,4.3
2017-07,26.35,244.786,4.3,62.9,4.3
2017-08,26.37,245.519,4.2,62.9,4.4
2017-09,26.49,246.819,4.2,63.1,4.3
2017-10,26.5,246.663,4.3,62.7,4.2
2017-11,26.54,246.669,3.8,62.7,4.2
2017-12,26.63,246.524,3.7,62.7,4.1
2018-01,26.72,247.867,4.3,62.7,4.0
2018-02,26.74,248.991,4.1,63.0,4.1
2018-03,26.85,249.554,4.4,62.9,4.0
2018-04,26.91,250.546,4.8,62.9,4.0
2018-05,26.98,251.588,4.5,62.9,3.8
2018-06,27.03,251.989,4.6,63.0,4.0
2018-07,27.1,252.006,4.9,63.0,3.8
2018-08,27.21,252.146,4.7,62.6,3.8
2018-09,27.32,252.439,4.8,62.8,3.7
2018-10,27.37,252.885,4.8,62.9,3.8
2018-11,27.44,252.038,4.5,62.9,3.8
2018-12,27.56,251.233,4.3,63.0,3.9
2019-01,27.59,251.712,4.8,63.1,4.0
2019-02,27.69,252.776,4.3,63.1,3.8
2019-03,27.77,254.202,4.6,63.0,3.8
2019-04,27.79,255.548,4.9,62.8,3.7
2019-05,27.88,256.092,4.6,62.9,3.6
2019-06,27.96,256.143,4.5,63.0,3.6
2019-07,28.03,256.571,4.7,63.1,3.7
2019-08,28.14,256.558,4.7,63.1,3.6
2019-09,28.16,256.759,4.6,63.2,3.5
2019-10,28.23,257.346,4.8,63.3,3.6
2019-11,28.34,257.208,4.0,63.3,3.6
2019-12,28.38,256.974,3.8,63.3,3.6
2020-01,28.43,257.971,4.5,63.3,3.6
2020-02,28.54,258.678,4.2,63.3,3.5
2020-03,28.74,258.115,3.7,62.6,4.4
2020-04,30.04,256.389,3.8,60.1,14.8
2020-05,29.72,256.394,3.9,60.8,13.2
2020-06,29.38,257.797,4.1,61.5,11.0
2020-07,29.39,259.101,4.9,61.5,10.2
2020-08,29.5,259.918,4.5,61.7,8.4
2020-09,29.51,260.28,4.5,61.4,7.8
2020-10,29.55,260.388,4.9,61.7,6.9
2020-11,29.64,260.229,4.2,61.5,6.7
2020-12,29.91,260.474,4.1,61.5,6.7
2021-01,29.92,261.582,4.8,61.4,6.4
2021-02,30.07,263.014,5.0,61.4,6.2
2021-03,30.04,264.877,5.5,61.5,6.1
2021-04,30.23,267.054,6.4,61.6,6.1
2021-05,30.41,269.195,6.2,61.6,5.8
2021-06,30.55,271.696,6.4,61.7,5.9
2021-07,30.66,273.003,7.5,61.8,5.4
2021-08,30.79,273.567,7.0,61.7,5.1
2021-09,30.96,274.31,6.9,61.7,4.7
2021-10,31.15,276.589,7.4,61.8,4.5
2021-11,31.25,277.948,6.5,61.9,4.2
2021-12,31.41,278.802,6.6,62.0,3.9
2022-01,31.62,281.148,7.1,62.2,4.0
2022-02,31.66,283.716,7.0,62.2,3.8
2022-03,31.82,287.504,7.4,62.3,3.7
2022-04,31.96,289.109,7.7,62.2,3.7
2022-05,32.1,292.296,6.8,62.3,3.6
2022-06,32.2,296.311,6.6,62.2,3.6
2022-07,32.35,296.276,7.6,62.1,3.5
2022-08,32.44,296.171,6.2,62.3,3.6
2022-09,32.55,296.808,6.6,62.3,3.5
2022-10,32.7,298.012,6.7,62.2,3.6
2022-11,32.84,297.711,6.0,62.1,3.6
2022-12,32.96,296.797,6.2,62.3,3.5
2023-01,33.05,299.17,6.4,62.4,3.5
2023-02,33.16,300.84,5.8,62.5,3.6
2023-03,33.28,301.836,5.8,62.6,3.5
2023-04,33.42,303.363,6.4,62.6,3.4
2023-05,33.52,304.127,5.5,62.6,3.6
2023-06,33.69,305.109,5.4,62.6,3.6
2023-07,33.84,305.691,5.7,62.6,3.5
2023-08,33.89,307.026,5.6,62.8,3.7
2023-09,33.99,307.789,5.6,62.7,3.8
2023-10,34.07,307.671,5.5,62.7,3.9
2023-11,34.19,307.051,4.9,62.8,3.7
2023-12,34.31,306.746,4.8,62.5,3.8
2024-01,34.47,308.417,5.2,62.5,3.7
2024-02,34.54,310.326,5.0,62.6,3.9
2024-03,34.67,312.332,4.9,62.7,3.9
2024-04,34.75,313.548,4.9,62.7,3.9
2024-05,34.89,314.069,4.6,62.6,4.0
2024-06,35.0,314.175,4.3,62.6,4.1
2024-07,35.07,314.54,4.9,62.7,4.2
2024-08,35.23,314.796,4.6,62.7,4.2
2024-09,35.33,315.301,4.3,62.7,4.1
2024-10,35.48,315.664,4.8,62.5,4.1
2024-11,35.61,315.493,4.5,62.5,4.2
2024-12,35.68,315.605,4.2,62.5,4.1
2025-01,35.83,317.671,4.8,62.6,4.0
2025-02,35.9,319.082,4.4,62.4,4.1
2025-03,36.02,319.799,4.2,62.5,4.2
2025-04,36.08,320.795,4.8,62.6,4.2
2025-05,36.23,321.465,4.5,62.4,4.2
2025-06,36.31,322.561,4.2,62.3,4.1
2025-07,36.43,323.048,4.7,62.2,4.2
2025-08,36.53,323.976,4.3,62.3,4.3
