area,area_title,area_type,prim_state,i_group,occ_code,occ_title,tot_emp,jobs_1000,h_mean,a_mean,h_median,a_median
1,Alabama,2,AL,cross-industry,15-1242,Database Administrators,1990,0.953,44.68,92930,42.58,88560
1,Alabama,2,AL,cross-industry,15-1243,Database Architects,310,0.147,56.5,117510,53.52,111330
1,Alabama,2,AL,cross-industry,15-2051,Data Scientists,1620,0.773,49.51,102970,50.68,105410
1,Alabama,2,AL,cross-industry,43-9021,Data Entry Keyers,1110,0.531,16.85,35050,16.19,33670
2,Alaska,2,AK,cross-industry,15-1242,Database Administrators,90,0.268,46.44,96600,44.8,93180
2,Alaska,2,AK,cross-industry,15-1243,Database Architects,40,0.129,53.64,111570,54.71,113800
2,Alaska,2,AK,cross-industry,15-2051,Data Scientists,210,0.651,42.64,88690,37.21,77400
2,Alaska,2,AK,cross-industry,43-9021,Data Entry Keyers,210,0.668,21.75,45230,20.22,42050
4,Arizona,2,AZ,cross-industry,15-1242,Database Administrators,1330,0.415,46.8,97340,46.31,96320
4,Arizona,2,AZ,cross-industry,15-1243,Database Architects,850,0.267,64.94,135080,62.8,130620
4,Arizona,2,AZ,cross-industry,15-2051,Data Scientists,4080,1.275,54.07,112460,51,106080
4,Arizona,2,AZ,cross-industry,43-9021,Data Entry Keyers,3750,1.173,21.19,44070,20.58,42800
5,Arkansas,2,AR,cross-industry,15-1242,Database Administrators,600,0.462,39.8,82780,38.32,79710
5,Arkansas,2,AR,cross-industry,15-1243,Database Architects,330,0.258,52.59,109380,48.56,101000
5,Arkansas,2,AR,cross-industry,15-2051,Data Scientists,470,0.366,50.27,104560,50.15,104320
5,Arkansas,2,AR,cross-industry,43-9021,Data Entry Keyers,880,0.682,17.67,36760,16.75,34840
6,California,2,CA,cross-industry,15-1242,Database Administrators,8360,0.463,57.24,119060,53.41,111090
6,California,2,CA,cross-industry,15-1243,Database Architects,5850,0.324,78.28,162820,76.51,159130
6,California,2,CA,cross-industry,15-2051,Data Scientists,36850,2.041,74.74,155450,65.77,136800
6,California,2,CA,cross-industry,43-9021,Data Entry Keyers,14040,0.777,22.7,47210,21.96,45680
8,Colorado,2,CO,cross-industry,15-1242,Database Administrators,1400,0.484,55.75,115970,57.67,119940
8,Colorado,2,CO,cross-industry,15-1243,Database Architects,2140,0.74,73.53,152940,72.82,151460
8,Colorado,2,CO,cross-industry,15-2051,Data Scientists,6750,2.334,56.85,118250,51.2,106500
8,Colorado,2,CO,cross-industry,43-9021,Data Entry Keyers,2040,0.705,23.1,48040,21.91,45560
9,Connecticut,2,CT,cross-industry,15-1242,Database Administrators,770,0.457,49.71,103400,49.03,101990
9,Connecticut,2,CT,cross-industry,15-1243,Database Architects,700,0.414,71.11,147910,70.87,147400
9,Connecticut,2,CT,cross-industry,15-2051,Data Scientists,1630,0.972,57.82,120270,52.87,109960
9,Connecticut,2,CT,cross-industry,43-9021,Data Entry Keyers,890,0.528,22.83,47480,22.13,46020
10,Delaware,2,DE,cross-industry,15-1242,Database Administrators,730,1.534,50.89,105850,48.19,100240
10,Delaware,2,DE,cross-industry,15-1243,Database Architects,**,**,72.14,150060,70.4,146430
10,Delaware,2,DE,cross-industry,15-2051,Data Scientists,540,1.129,*,*,*,*
10,Delaware,2,DE,cross-industry,43-9021,Data Entry Keyers,530,1.105,18.78,39050,17.88,37190
11,District of Columbia,2,DC,cross-industry,15-1242,Database Administrators,550,0.774,57.92,120470,61.75,128440
11,District of Columbia,2,DC,cross-industry,15-1243,Database Architects,800,1.123,76.22,158550,75.52,157080
11,District of Columbia,2,DC,cross-industry,15-2051,Data Scientists,3580,5.047,71.24,148170,65.92,137120
11,District of Columbia,2,DC,cross-industry,43-9021,Data Entry Keyers,320,0.457,27.67,57560,24.93,51860
12,Florida,2,FL,cross-industry,15-1242,Database Administrators,4080,0.416,49.47,102900,47.07,97900
12,Florida,2,FL,cross-industry,15-1243,Database Architects,2040,0.208,66.48,138280,63.96,133040
12,Florida,2,FL,cross-industry,15-2051,Data Scientists,9480,0.965,56.57,117670,50.88,105820
12,Florida,2,FL,cross-industry,43-9021,Data Entry Keyers,9280,0.945,19.05,39620,18.32,38100
13,Georgia,2,GA,cross-industry,15-1242,Database Administrators,3020,0.623,50.76,105590,51.01,106100
13,Georgia,2,GA,cross-industry,15-1243,Database Architects,2930,0.603,68.07,141590,65.04,135280
13,Georgia,2,GA,cross-industry,15-2051,Data Scientists,7730,1.591,53.38,111020,49.34,102630
13,Georgia,2,GA,cross-industry,43-9021,Data Entry Keyers,3100,0.639,19.64,40840,19.13,39800
15,Hawaii,2,HI,cross-industry,15-1242,Database Administrators,110,0.17,46.82,97380,44.91,93400
15,Hawaii,2,HI,cross-industry,15-1243,Database Architects,70,0.106,72.21,150190,71.87,149500
15,Hawaii,2,HI,cross-industry,15-2051,Data Scientists,240,0.383,59.87,124530,59.56,123880
15,Hawaii,2,HI,cross-industry,43-9021,Data Entry Keyers,260,0.416,*,*,*,*
16,Idaho,2,ID,cross-industry,15-1242,Database Administrators,160,0.185,42.52,88440,37.87,78780
16,Idaho,2,ID,cross-industry,15-1243,Database Architects,350,0.416,62.61,130240,60.59,126030
16,Idaho,2,ID,cross-industry,15-2051,Data Scientists,980,1.157,57.89,120410,52.57,109340
16,Idaho,2,ID,cross-industry,43-9021,Data Entry Keyers,560,0.668,19.01,39530,17.5,36400
17,Illinois,2,IL,cross-industry,15-1242,Database Administrators,2290,0.378,51.8,107750,48.59,101070
17,Illinois,2,IL,cross-industry,15-1243,Database Architects,1460,0.241,65.56,136370,64.66,134490
17,Illinois,2,IL,cross-industry,15-2051,Data Scientists,7390,1.218,57.22,119010,54.56,113490
17,Illinois,2,IL,cross-industry,43-9021,Data Entry Keyers,6680,1.102,20.21,42050,18.97,39450
18,Indiana,2,IN,cross-industry,15-1242,Database Administrators,1180,0.372,41.1,85480,40.19,83600
18,Indiana,2,IN,cross-industry,15-1243,Database Architects,670,0.209,63.53,132150,64.01,133150
18,Indiana,2,IN,cross-industry,15-2051,Data Scientists,3120,0.979,44.53,92620,40.41,84050
18,Indiana,2,IN,cross-industry,43-9021,Data Entry Keyers,2690,0.844,19.6,40770,19.14,39800
19,Iowa,2,IA,cross-industry,15-1242,Database Administrators,380,0.243,48.8,101500,46.96,97690
19,Iowa,2,IA,cross-industry,15-1243,Database Architects,280,0.182,60.05,124910,63.16,131370
19,Iowa,2,IA,cross-industry,15-2051,Data Scientists,2330,1.49,46.78,97300,47.1,97980
19,Iowa,2,IA,cross-industry,43-9021,Data Entry Keyers,910,0.585,20.08,41770,19.75,41090
20,Kansas,2,KS,cross-industry,15-1242,Database Administrators,560,0.392,56.85,118250,54.2,112740
20,Kansas,2,KS,cross-industry,15-1243,Database Architects,390,0.271,60.09,124980,62.05,129060
20,Kansas,2,KS,cross-industry,15-2051,Data Scientists,340,0.237,51.59,107300,53.04,110320
20,Kansas,2,KS,cross-industry,43-9021,Data Entry Keyers,850,0.592,18.14,37720,18.13,37710
21,Kentucky,2,KY,cross-industry,15-1242,Database Administrators,770,0.388,41.58,86490,40.38,83980
21,Kentucky,2,KY,cross-industry,15-1243,Database Architects,510,0.254,53.08,110400,49.31,102560
21,Kentucky,2,KY,cross-industry,15-2051,Data Scientists,1700,0.852,48.28,100410,44.95,93490
21,Kentucky,2,KY,cross-industry,43-9021,Data Entry Keyers,1600,0.801,17.52,36430,17.5,36400
22,Louisiana,2,LA,cross-industry,15-1242,Database Administrators,240,0.127,42.9,89230,41.55,86420
22,Louisiana,2,LA,cross-industry,15-1243,Database Architects,350,0.184,*,*,*,*
22,Louisiana,2,LA,cross-industry,15-2051,Data Scientists,1120,0.585,34.49,71740,33.91,70530
22,Louisiana,2,LA,cross-industry,43-9021,Data Entry Keyers,1540,0.807,18.71,38910,17.61,36630
23,Maine,2,ME,cross-industry,15-1242,Database Administrators,230,0.368,39.53,82210,37.01,76980
23,Maine,2,ME,cross-industry,15-1243,Database Architects,250,0.389,64.52,134200,74.42,154790
23,Maine,2,ME,cross-industry,15-2051,Data Scientists,1040,1.641,48.99,101890,45.36,94350
23,Maine,2,ME,cross-industry,43-9021,Data Entry Keyers,200,0.322,21.77,45290,21.02,43720
24,Maryland,2,MD,cross-industry,15-1242,Database Administrators,2640,0.963,59.82,124430,58.71,122110
24,Maryland,2,MD,cross-industry,15-1243,Database Architects,1420,0.516,68.76,143020,67.65,140710
24,Maryland,2,MD,cross-industry,15-2051,Data Scientists,3400,1.239,65.08,135370,59.78,124340
24,Maryland,2,MD,cross-industry,43-9021,Data Entry Keyers,2520,0.917,19.22,39970,17.76,36940
25,Massachusetts,2,MA,cross-industry,15-1242,Database Administrators,1940,0.532,53.89,112090,56.45,117420
25,Massachusetts,2,MA,cross-industry,15-1243,Database Architects,1720,0.471,77.4,161000,77.48,161160
25,Massachusetts,2,MA,cross-industry,15-2051,Data Scientists,9990,2.743,67.15,139670,63.58,132250
25,Massachusetts,2,MA,cross-industry,43-9021,Data Entry Keyers,1840,0.505,22.69,47200,22.56,46930
26,Michigan,2,MI,cross-industry,15-1242,Database Administrators,1190,0.27,46.95,97660,47.06,97880
26,Michigan,2,MI,cross-industry,15-1243,Database Architects,1150,0.262,56.54,117600,58.08,120810
26,Michigan,2,MI,cross-industry,15-2051,Data Scientists,6450,1.47,49.05,102030,47.82,99470
26,Michigan,2,MI,cross-industry,43-9021,Data Entry Keyers,2980,0.678,19.11,39750,18.54,38570
27,Minnesota,2,MN,cross-industry,15-1242,Database Administrators,970,0.331,48.56,101010,46.75,97230
27,Minnesota,2,MN,cross-industry,15-1243,Database Architects,910,0.312,61.41,127730,62.7,130420
27,Minnesota,2,MN,cross-industry,15-2051,Data Scientists,3500,1.199,56.79,118110,56.65,117840
27,Minnesota,2,MN,cross-industry,43-9021,Data Entry Keyers,1320,0.451,20.86,43400,20.02,41640
28,Mississippi,2,MS,cross-industry,15-1242,Database Administrators,230,0.2,40.78,84830,41.55,86420
28,Mississippi,2,MS,cross-industry,15-1243,Database Architects,110,0.093,44.42,92400,43.74,90980
28,Mississippi,2,MS,cross-industry,15-2051,Data Scientists,270,0.232,37.42,77830,33.38,69430
28,Mississippi,2,MS,cross-industry,43-9021,Data Entry Keyers,660,0.565,17.35,36090,16.12,33530
29,Missouri,2,MO,cross-industry,15-1242,Database Administrators,1400,0.478,45.67,94990,42.12,87600
29,Missouri,2,MO,cross-industry,15-1243,Database Architects,1840,0.629,54.2,112730,52.32,108820
29,Missouri,2,MO,cross-industry,15-2051,Data Scientists,4350,1.491,45.82,95310,41.14,85570
29,Missouri,2,MO,cross-industry,43-9021,Data Entry Keyers,2220,0.759,20.85,43380,17.6,36620
30,Montana,2,MT,cross-industry,15-1242,Database Administrators,240,0.48,39.94,83070,38.92,80960
30,Montana,2,MT,cross-industry,15-1243,Database Architects,50,0.099,59.85,124500,55.89,116250
30,Montana,2,MT,cross-industry,15-2051,Data Scientists,200,0.394,53.6,111490,51.37,106860
30,Montana,2,MT,cross-industry,43-9021,Data Entry Keyers,380,0.748,19.86,41310,19.11,39750
31,Nebraska,2,NE,cross-industry,15-1242,Database Administrators,540,0.535,46.19,96080,44.46,92470
31,Nebraska,2,NE,cross-industry,15-1243,Database Architects,590,0.584,62.38,129750,63.62,132320
31,Nebraska,2,NE,cross-industry,15-2051,Data Scientists,1850,1.817,46.98,97720,46.38,96470
31,Nebraska,2,NE,cross-industry,43-9021,Data Entry Keyers,1110,1.096,17.49,36390,17.47,36330
32,Nevada,2,NV,cross-industry,15-1242,Database Administrators,470,0.305,42.29,87960,41.82,86980
32,Nevada,2,NV,cross-industry,15-1243,Database Architects,320,0.211,59.62,124010,62.68,130360
32,Nevada,2,NV,cross-industry,15-2051,Data Scientists,1230,0.802,47.51,98820,44.86,93310
32,Nevada,2,NV,cross-industry,43-9021,Data Entry Keyers,480,0.312,19.6,40760,18.26,37980
33,New Hampshire,2,NH,cross-industry,15-1242,Database Administrators,230,0.34,52.5,109190,58.57,121820
33,New Hampshire,2,NH,cross-industry,15-2051,Data Scientists,870,1.278,49.15,102230,47.58,98970
33,New Hampshire,2,NH,cross-industry,43-9021,Data Entry Keyers,780,1.141,20.37,42380,20.16,41940
34,New Jersey,2,NJ,cross-industry,15-1242,Database Administrators,2060,0.485,60.9,126670,62.01,128970
34,New Jersey,2,NJ,cross-industry,15-1243,Database Architects,2530,0.595,69.36,144260,69.18,143900
34,New Jersey,2,NJ,cross-industry,15-2051,Data Scientists,5860,1.379,63.36,131800,62.68,130370
34,New Jersey,2,NJ,cross-industry,43-9021,Data Entry Keyers,5240,1.232,21.56,44850,20.9,43480
35,New Mexico,2,NM,cross-industry,15-1242,Database Administrators,520,0.609,45.42,94480,45.6,94850
35,New Mexico,2,NM,cross-industry,15-1243,Database Architects,130,0.148,56.55,117620,57.75,120120
35,New Mexico,2,NM,cross-industry,15-2051,Data Scientists,510,0.589,41.6,86520,40.88,85040
35,New Mexico,2,NM,cross-industry,43-9021,Data Entry Keyers,410,0.471,20.89,43440,21.61,44960
36,New York,2,NY,cross-industry,15-1242,Database Administrators,3680,0.385,54.36,113070,51.41,106940
36,New York,2,NY,cross-industry,15-1243,Database Architects,4180,0.438,66.27,137840,61.67,128270
36,New York,2,NY,cross-industry,15-2051,Data Scientists,20070,2.103,64.16,133450,60.29,125400
36,New York,2,NY,cross-industry,43-9021,Data Entry Keyers,9890,1.036,22.01,45770,20.67,42990
37,North Carolina,2,NC,cross-industry,15-1242,Database Administrators,1990,0.407,51.03,106140,52.13,108430
37,North Carolina,2,NC,cross-industry,15-1243,Database Architects,4060,0.829,62.38,129750,62.77,130560
37,North Carolina,2,NC,cross-industry,15-2051,Data Scientists,10140,2.071,56.74,118020,55.47,115380
37,North Carolina,2,NC,cross-industry,43-9021,Data Entry Keyers,4110,0.839,19.1,39720,18.55,38580
38,North Dakota,2,ND,cross-industry,15-1242,Database Administrators,90,0.206,41.32,85950,36.73,76400
38,North Dakota,2,ND,cross-industry,15-1243,Database Architects,50,0.111,54.24,112830,55.83,116120
38,North Dakota,2,ND,cross-industry,15-2051,Data Scientists,320,0.747,45.25,94130,46.26,96230
38,North Dakota,2,ND,cross-industry,43-9021,Data Entry Keyers,60,0.146,*,*,*,*
39,Ohio,2,OH,cross-industry,15-1242,Database Administrators,1770,0.319,46.35,96400,45.2,94020
39,Ohio,2,OH,cross-industry,15-1243,Database Architects,2230,0.403,64.02,133170,62.42,129840
39,Ohio,2,OH,cross-industry,15-2051,Data Scientists,5510,0.996,48.2,100260,47.41,98620
39,Ohio,2,OH,cross-industry,43-9021,Data Entry Keyers,5450,0.986,19.77,41120,19.14,39810
40,Oklahoma,2,OK,cross-industry,15-1242,Database Administrators,660,0.391,42.03,87430,37.01,76980
40,Oklahoma,2,OK,cross-industry,15-1243,Database Architects,730,0.432,64.36,133880,63.64,132360
40,Oklahoma,2,OK,cross-industry,15-2051,Data Scientists,2160,1.276,43.24,89940,38.64,80380
40,Oklahoma,2,OK,cross-industry,43-9021,Data Entry Keyers,1760,1.043,17.56,36520,17.07,35510
41,Oregon,2,OR,cross-industry,15-1242,Database Administrators,930,0.473,50.5,105050,49.35,102650
41,Oregon,2,OR,cross-industry,15-1243,Database Architects,710,0.361,70.93,147530,67.14,139660
41,Oregon,2,OR,cross-industry,15-2051,Data Scientists,2650,1.349,59.65,124060,51.01,106100
41,Oregon,2,OR,cross-industry,43-9021,Data Entry Keyers,1180,0.599,22.71,47230,21.95,45650
42,Pennsylvania,2,PA,cross-industry,15-1242,Database Administrators,5000,0.831,50.53,105100,51.83,107800
42,Pennsylvania,2,PA,cross-industry,15-1243,Database Architects,2240,0.372,62.56,130130,62.04,129040
42,Pennsylvania,2,PA,cross-industry,15-2051,Data Scientists,10430,1.734,51.66,107450,48.23,100320
42,Pennsylvania,2,PA,cross-industry,43-9021,Data Entry Keyers,7350,1.223,20.08,41760,20.38,42400
44,Rhode Island,2,RI,cross-industry,15-1242,Database Administrators,320,0.645,50.05,104100,49.91,103810
44,Rhode Island,2,RI,cross-industry,15-1243,Database Architects,190,0.389,71.8,149350,65.63,136510
44,Rhode Island,2,RI,cross-industry,15-2051,Data Scientists,1190,2.412,57.41,119400,54.99,114390
44,Rhode Island,2,RI,cross-industry,43-9021,Data Entry Keyers,290,0.588,22.59,46990,22.25,46290
45,South Carolina,2,SC,cross-industry,15-1242,Database Administrators,660,0.293,48.02,99890,44.55,92670
45,South Carolina,2,SC,cross-industry,15-1243,Database Architects,730,0.322,61.7,128340,61.75,128440
45,South Carolina,2,SC,cross-industry,15-2051,Data Scientists,2810,1.239,46.62,96970,43.59,90660
45,South Carolina,2,SC,cross-industry,43-9021,Data Entry Keyers,1520,0.668,18.35,38170,17.59,36590
46,South Dakota,2,SD,cross-industry,15-1242,Database Administrators,150,0.325,42.12,87610,41.3,85890
46,South Dakota,2,SD,cross-industry,15-1243,Database Architects,60,0.122,58.28,121220,61.28,127460
46,South Dakota,2,SD,cross-industry,15-2051,Data Scientists,270,0.586,44.45,92460,44.23,92000
46,South Dakota,2,SD,cross-industry,43-9021,Data Entry Keyers,**,**,17.98,37390,18.34,38140
47,Tennessee,2,TN,cross-industry,15-1242,Database Administrators,1440,0.438,48.39,100650,48.87,101640
47,Tennessee,2,TN,cross-industry,15-1243,Database Architects,680,0.208,60.5,125840,61.75,128440
47,Tennessee,2,TN,cross-industry,15-2051,Data Scientists,2550,0.778,55.21,114830,50.34,104700
47,Tennessee,2,TN,cross-industry,43-9021,Data Entry Keyers,1860,0.568,19.61,40780,19.07,39670
48,Texas,2,TX,cross-industry,15-1242,Database Administrators,6110,0.441,52.56,109330,52.88,109990
48,Texas,2,TX,cross-industry,15-1243,Database Architects,6330,0.457,65.83,136930,64.33,133800
48,Texas,2,TX,cross-industry,15-2051,Data Scientists,23420,1.691,55.19,114800,51.22,106540
48,Texas,2,TX,cross-industry,43-9021,Data Entry Keyers,19950,1.441,18.74,38980,17.87,37180
49,Utah,2,UT,cross-industry,15-1242,Database Administrators,800,0.468,50.51,105050,47.06,97890
49,Utah,2,UT,cross-industry,15-1243,Database Architects,630,0.369,64.65,134470,61.43,127770
49,Utah,2,UT,cross-industry,15-2051,Data Scientists,4830,2.827,57.52,119640,55.97,116420
49,Utah,2,UT,cross-industry,43-9021,Data Entry Keyers,2430,1.419,21.66,45060,20,41600
50,Vermont,2,VT,cross-industry,15-1242,Database Administrators,120,0.407,48.07,99980,49.12,102170
50,Vermont,2,VT,cross-industry,15-1243,Database Architects,50,0.15,*,*,*,*
50,Vermont,2,VT,cross-industry,15-2051,Data Scientists,210,0.698,57.51,119630,58.01,120670
50,Vermont,2,VT,cross-industry,43-9021,Data Entry Keyers,260,0.852,20.95,43580,20.48,42590
51,Virginia,2,VA,cross-industry,15-1242,Database Administrators,4210,1.035,54.71,113810,50.48,105000
51,Virginia,2,VA,cross-industry,15-1243,Database Architects,7140,1.755,*,*,*,*
51,Virginia,2,VA,cross-industry,15-2051,Data Scientists,6200,1.525,63.57,132230,60.61,126070
51,Virginia,2,VA,cross-industry,43-9021,Data Entry Keyers,3000,0.738,19.92,41430,18.33,38130
53,Washington,2,WA,cross-industry,15-1242,Database Administrators,2190,0.618,56.73,118000,55.14,114700
53,Washington,2,WA,cross-industry,15-1243,Database Architects,2490,0.702,70.93,147540,69.26,144050
53,Washington,2,WA,cross-industry,15-2051,Data Scientists,7930,2.24,78.24,162730,76.33,158760
53,Washington,2,WA,cross-industry,43-9021,Data Entry Keyers,1640,0.464,22.77,47350,21.49,44710
54,West Virginia,2,WV,cross-industry,15-1242,Database Administrators,230,0.328,35.35,73530,31.43,65380
54,West Virginia,2,WV,cross-industry,15-1243,Database Architects,270,0.388,63.79,132690,75.77,157590
54,West Virginia,2,WV,cross-industry,15-2051,Data Scientists,220,0.32,49.41,102770,46.04,95760
54,West Virginia,2,WV,cross-industry,43-9021,Data Entry Keyers,660,0.943,17.71,36830,17.17,35700
55,Wisconsin,2,WI,cross-industry,15-1242,Database Administrators,1380,0.473,50.26,104550,47.56,98920
55,Wisconsin,2,WI,cross-industry,15-1243,Database Architects,360,0.123,67.68,140770,66.79,138930
55,Wisconsin,2,WI,cross-industry,15-2051,Data Scientists,3640,1.243,50.74,105540,48.09,100020
55,Wisconsin,2,WI,cross-industry,43-9021,Data Entry Keyers,2610,0.895,20.01,41620,18.63,38740
56,Wyoming,2,WY,cross-industry,15-1242,Database Administrators,100,0.376,35.24,73300,33.65,69980
56,Wyoming,2,WY,cross-industry,15-1243,Database Architects,130,0.45,33.12,68880,30.17,62760
56,Wyoming,2,WY,cross-industry,15-2051,Data Scientists,**,**,41.1,85480,46.08,95840
56,Wyoming,2,WY,cross-industry,43-9021,Data Entry Keyers,130,0.467,21.65,45030,19.72,41020
66,Guam,3,GU,cross-industry,43-9021,Data Entry Keyers,110,1.748,13.35,27770,13.28,27620
72,Puerto Rico,3,PR,cross-industry,15-1242,Database Administrators,230,0.241,27.86,57950,23.66,49210
72,Puerto Rico,3,PR,cross-industry,15-1243,Database Architects,80,0.088,37.58,78160,37.16,77300
72,Puerto Rico,3,PR,cross-industry,15-2051,Data Scientists,120,0.122,34.79,72370,33.98,70690
72,Puerto Rico,3,PR,cross-industry,43-9021,Data Entry Keyers,2280,2.428,13.28,27620,11.19,23270
78,Virgin Islands,3,VI,cross-industry,43-9021,Data Entry Keyers,60,1.797,16.71,34750,16.86,35060
